Indicator,State,Year,Value
"Needed Counseling or Therapy But Did Not Get It, Last 4 Weeks",Alabama,2020,10.577777777777778
"Took Prescription Medication for Mental Health, Last 4 Weeks",North Carolina,2020,21.288888888888888
"Received Counseling or Therapy, Last 4 Weeks",Arkansas,2020,7.111111111111111
"Received Counseling or Therapy, Last 4 Weeks",California,2020,10.2
"Took Prescription Medication for Mental Health And/Or Received Counseling or Therapy, Last 4 Weeks",Kansas,2020,25.866666666666667
"Received Counseling or Therapy, Last 4 Weeks",Colorado,2020,11.100000000000001
"Took Prescription Medication for Mental Health And/Or Received Counseling or Therapy, Last 4 Weeks",Iowa,2020,26.355555555555554
"Took Prescription Medication for Mental Health, Last 4 Weeks",New York,2020,17.211111111111112
"Received Counseling or Therapy, Last 4 Weeks",Connecticut,2020,12.766666666666667
"Took Prescription Medication for Mental Health, Last 4 Weeks",Idaho,2020,22.87777777777778
"Received Counseling or Therapy, Last 4 Weeks",Delaware,2020,10.088888888888889
"Took Prescription Medication for Mental Health And/Or Received Counseling or Therapy, Last 4 Weeks",Indiana,2020,25.977777777777778
"Received Counseling or Therapy, Last 4 Weeks",District of Columbia,2020,16.700000000000003
"Took Prescription Medication for Mental Health And/Or Received Counseling or Therapy, Last 4 Weeks",Kentucky,2020,28.03333333333333
"Took Prescription Medication for Mental Health, Last 4 Weeks",New Mexico,2020,20.544444444444444
"Took Prescription Medication for Mental Health And/Or Received Counseling or Therapy, Last 4 Weeks",Illinois,2020,23.200000000000003
"Received Counseling or Therapy, Last 4 Weeks",Georgia,2020,9.322222222222223
"Took Prescription Medication for Mental Health And/Or Received Counseling or Therapy, Last 4 Weeks",Idaho,2020,25.955555555555556
"Took Prescription Medication for Mental Health, Last 4 Weeks",Illinois,2020,19.333333333333332
"Received Counseling or Therapy, Last 4 Weeks",Hawaii,2020,7.933333333333334
"Took Prescription Medication for Mental Health, Last 4 Weeks",New Jersey,2020,18.055555555555557
"Received Counseling or Therapy, Last 4 Weeks",Idaho,2020,9.177777777777777
"Took Prescription Medication for Mental Health And/Or Received Counseling or Therapy, Last 4 Weeks",Hawaii,2020,15.655555555555557
"Received Counseling or Therapy, Last 4 Weeks",Illinois,2020,9.744444444444445
"Took Prescription Medication for Mental Health And/Or Received Counseling or Therapy, Last 4 Weeks",Georgia,2020,23.688888888888886
"Received Counseling or Therapy, Last 4 Weeks",Indiana,2020,7.8999999999999995
"Took Prescription Medication for Mental Health, Last 4 Weeks",New Hampshire,2020,23.62222222222222
"Received Counseling or Therapy, Last 4 Weeks",Florida,2020,8.133333333333333
"Received Counseling or Therapy, Last 4 Weeks",Iowa,2020,8.766666666666666
"Received Counseling or Therapy, Last 4 Weeks",Arizona,2020,8.744444444444445
"Received Counseling or Therapy, Last 4 Weeks",Alaska,2020,9.533333333333333
"Needed Counseling or Therapy But Did Not Get It, Last 4 Weeks",South Dakota,2020,7.51111111111111
"Took Prescription Medication for Mental Health And/Or Received Counseling or Therapy, Last 4 Weeks",Missouri,2020,26.200000000000003
"Needed Counseling or Therapy But Did Not Get It, Last 4 Weeks",Tennessee,2020,10.933333333333334
"Took Prescription Medication for Mental Health, Last 4 Weeks",Oregon,2020,21.711111111111112
"Needed Counseling or Therapy But Did Not Get It, Last 4 Weeks",Texas,2020,10.81111111111111
"Took Prescription Medication for Mental Health And/Or Received Counseling or Therapy, Last 4 Weeks",Mississippi,2020,24.055555555555557
"Took Prescription Medication for Mental Health, Last 4 Weeks",Florida,2020,19.22222222222222
"Needed Counseling or Therapy But Did Not Get It, Last 4 Weeks",United States,2020,10.701604278074866
"Took Prescription Medication for Mental Health And/Or Received Counseling or Therapy, Last 4 Weeks",Minnesota,2020,25.799999999999997
"Needed Counseling or Therapy But Did Not Get It, Last 4 Weeks",Utah,2020,13.844444444444443
"Took Prescription Medication for Mental Health, Last 4 Weeks",Oklahoma,2020,24.166666666666668
"Needed Counseling or Therapy But Did Not Get It, Last 4 Weeks",Vermont,2020,10.81111111111111
"Took Prescription Medication for Mental Health, Last 4 Weeks",Hawaii,2020,12.177777777777777
"Took Prescription Medication for Mental Health And/Or Received Counseling or Therapy, Last 4 Weeks",Michigan,2020,25.38888888888889
"Received Counseling or Therapy, Last 4 Weeks",Texas,2020,8.411111111111111
"Needed Counseling or Therapy But Did Not Get It, Last 4 Weeks",Washington,2020,11.922222222222222
"Took Prescription Medication for Mental Health, Last 4 Weeks",Georgia,2020,20.711111111111112
"Took Prescription Medication for Mental Health, Last 4 Weeks",Ohio,2020,22.533333333333335
"Needed Counseling or Therapy But Did Not Get It, Last 4 Weeks",West Virginia,2020,10.577777777777778
"Took Prescription Medication for Mental Health And/Or Received Counseling or Therapy, Last 4 Weeks",Maryland,2020,23.1
"Needed Counseling or Therapy But Did Not Get It, Last 4 Weeks",Wisconsin,2020,8.466666666666667
"Needed Counseling or Therapy But Did Not Get It, Last 4 Weeks",Wyoming,2020,9.055555555555555
"Took Prescription Medication for Mental Health And/Or Received Counseling or Therapy, Last 4 Weeks",Maine,2020,27.98888888888889
"Took Prescription Medication for Mental Health, Last 4 Weeks",North Dakota,2020,20.48888888888889
"Received Counseling or Therapy, Last 4 Weeks",Alabama,2020,7.844444444444444
"Took Prescription Medication for Mental Health And/Or Received Counseling or Therapy, Last 4 Weeks",Louisiana,2020,26.98888888888889
"Needed Counseling or Therapy But Did Not Get It, Last 4 Weeks",Virginia,2020,10.022222222222222
"Took Prescription Medication for Mental Health And/Or Received Counseling or Therapy, Last 4 Weeks",Florida,2020,21.555555555555557
"Took Prescription Medication for Mental Health, Last 4 Weeks",Indiana,2020,23.811111111111114
"Received Counseling or Therapy, Last 4 Weeks",Kansas,2020,8.766666666666667
"Received Counseling or Therapy, Last 4 Weeks",New Mexico,2020,10.955555555555556
"Received Counseling or Therapy, Last 4 Weeks",Wyoming,2020,8.11111111111111
"Received Counseling or Therapy, Last 4 Weeks",New York,2020,11.766666666666667
"Took Prescription Medication for Mental Health, Last 4 Weeks",Kentucky,2020,25.62222222222222
"Took Prescription Medication for Mental Health, Last 4 Weeks",Minnesota,2020,22.422222222222224
"Received Counseling or Therapy, Last 4 Weeks",North Carolina,2020,9.033333333333333
"Received Counseling or Therapy, Last 4 Weeks",Wisconsin,2020,8.766666666666667
"Received Counseling or Therapy, Last 4 Weeks",North Dakota,2020,6.077777777777778
"Received Counseling or Therapy, Last 4 Weeks",Ohio,2020,9.377777777777778
"Received Counseling or Therapy, Last 4 Weeks",West Virginia,2020,8.377777777777778
"Took Prescription Medication for Mental Health, Last 4 Weeks",Michigan,2020,22.22222222222222
"Received Counseling or Therapy, Last 4 Weeks",Oklahoma,2020,7.833333333333333
"Took Prescription Medication for Mental Health And/Or Received Counseling or Therapy, Last 4 Weeks",Alabama,2020,26.555555555555557
"Received Counseling or Therapy, Last 4 Weeks",Washington,2020,10.555555555555555
"Took Prescription Medication for Mental Health, Last 4 Weeks",Louisiana,2020,24.700000000000003
"Received Counseling or Therapy, Last 4 Weeks",Pennsylvania,2020,9.566666666666666
"Received Counseling or Therapy, Last 4 Weeks",Virginia,2020,10.166666666666666
"Took Prescription Medication for Mental Health, Last 4 Weeks",Massachusetts,2020,22.799999999999997
"Received Counseling or Therapy, Last 4 Weeks",Rhode Island,2020,12.488888888888889
"Received Counseling or Therapy, Last 4 Weeks",South Carolina,2020,7.377777777777778
"Received Counseling or Therapy, Last 4 Weeks",Vermont,2020,13.100000000000001
"Received Counseling or Therapy, Last 4 Weeks",South Dakota,2020,6.933333333333334
"Received Counseling or Therapy, Last 4 Weeks",Utah,2020,10.2
"Took Prescription Medication for Mental Health, Last 4 Weeks",Maryland,2020,18.977777777777778
"Received Counseling or Therapy, Last 4 Weeks",Tennessee,2020,8.744444444444445
"Took Prescription Medication for Mental Health, Last 4 Weeks",Maine,2020,24.633333333333333
"Received Counseling or Therapy, Last 4 Weeks",Oregon,2020,12.177777777777777
"Received Counseling or Therapy, Last 4 Weeks",New Jersey,2020,9.555555555555555
"Took Prescription Medication for Mental Health, Last 4 Weeks",Mississippi,2020,22.87777777777778
"Received Counseling or Therapy, Last 4 Weeks",New Hampshire,2020,10.333333333333334
"Took Prescription Medication for Mental Health And/Or Received Counseling or Therapy, Last 4 Weeks",District of Columbia,2020,26.644444444444446
"Received Counseling or Therapy, Last 4 Weeks",Kentucky,2020,8.31111111111111
"Took Prescription Medication for Mental Health, Last 4 Weeks",Nevada,2020,17.11111111111111
"Received Counseling or Therapy, Last 4 Weeks",Louisiana,2020,8.633333333333333
"Took Prescription Medication for Mental Health And/Or Received Counseling or Therapy, Last 4 Weeks",Delaware,2020,24.77777777777778
"Received Counseling or Therapy, Last 4 Weeks",Maine,2020,10.455555555555556
"Took Prescription Medication for Mental Health And/Or Received Counseling or Therapy, Last 4 Weeks",Connecticut,2020,25.166666666666668
"Received Counseling or Therapy, Last 4 Weeks",Maryland,2020,11.444444444444445
"Took Prescription Medication for Mental Health, Last 4 Weeks",Iowa,2020,23.977777777777778
"Took Prescription Medication for Mental Health, Last 4 Weeks",Nebraska,2020,22.055555555555557
"Received Counseling or Therapy, Last 4 Weeks",Massachusetts,2020,14.255555555555556
"Took Prescription Medication for Mental Health And/Or Received Counseling or Therapy, Last 4 Weeks",Colorado,2020,24.944444444444443
"Received Counseling or Therapy, Last 4 Weeks",Michigan,2020,9.088888888888889
"Received Counseling or Therapy, Last 4 Weeks",Minnesota,2020,10.122222222222222
"Took Prescription Medication for Mental Health And/Or Received Counseling or Therapy, Last 4 Weeks",California,2020,21.022222222222226
"Took Prescription Medication for Mental Health, Last 4 Weeks",Montana,2020,21.477777777777778
"Received Counseling or Therapy, Last 4 Weeks",Mississippi,2020,6.855555555555555
"Took Prescription Medication for Mental Health And/Or Received Counseling or Therapy, Last 4 Weeks",Arkansas,2020,27.266666666666666
"Received Counseling or Therapy, Last 4 Weeks",Missouri,2020,8.411111111111111
"Took Prescription Medication for Mental Health, Last 4 Weeks",Kansas,2020,23.333333333333332
"Took Prescription Medication for Mental Health And/Or Received Counseling or Therapy, Last 4 Weeks",Wyoming,2020,23.788888888888888
"Received Counseling or Therapy, Last 4 Weeks",Montana,2020,8.455555555555556
"Took Prescription Medication for Mental Health, Last 4 Weeks",Missouri,2020,23.577777777777776
"Received Counseling or Therapy, Last 4 Weeks",Nebraska,2020,7.7555555555555555
"Took Prescription Medication for Mental Health And/Or Received Counseling or Therapy, Last 4 Weeks",Arizona,2020,22.066666666666666
"Received Counseling or Therapy, Last 4 Weeks",Nevada,2020,8.0
"Took Prescription Medication for Mental Health And/Or Received Counseling or Therapy, Last 4 Weeks",Alaska,2020,21.01111111111111
"Took Prescription Medication for Mental Health And/Or Received Counseling or Therapy, Last 4 Weeks",Montana,2020,24.688888888888886
"Needed Counseling or Therapy But Did Not Get It, Last 4 Weeks",South Carolina,2020,10.61111111111111
"Took Prescription Medication for Mental Health And/Or Received Counseling or Therapy, Last 4 Weeks",Massachusetts,2020,28.0
"Took Prescription Medication for Mental Health, Last 4 Weeks",California,2020,16.822222222222223
"Needed Counseling or Therapy But Did Not Get It, Last 4 Weeks",Indiana,2020,10.566666666666666
"Took Prescription Medication for Mental Health And/Or Received Counseling or Therapy, Last 4 Weeks",Tennessee,2020,25.077777777777776
"Took Prescription Medication for Mental Health, Last 4 Weeks",Arkansas,2020,25.455555555555556
"Needed Counseling or Therapy But Did Not Get It, Last 4 Weeks",Iowa,2020,9.477777777777778
"Took Prescription Medication for Mental Health, Last 4 Weeks",Vermont,2020,23.144444444444442
"Needed Counseling or Therapy But Did Not Get It, Last 4 Weeks",Kansas,2020,10.955555555555556
"Took Prescription Medication for Mental Health And/Or Received Counseling or Therapy, Last 4 Weeks",South Dakota,2020,22.87777777777778
"Needed Counseling or Therapy But Did Not Get It, Last 4 Weeks",Kentucky,2020,10.944444444444445
"Took Prescription Medication for Mental Health And/Or Received Counseling or Therapy, Last 4 Weeks",South Carolina,2020,24.477777777777774
"Needed Counseling or Therapy But Did Not Get It, Last 4 Weeks",Louisiana,2020,10.588888888888889
"Took Prescription Medication for Mental Health, Last 4 Weeks",Utah,2020,24.544444444444444
"Needed Counseling or Therapy But Did Not Get It, Last 4 Weeks",Maine,2020,10.588888888888889
"Took Prescription Medication for Mental Health And/Or Received Counseling or Therapy, Last 4 Weeks",Rhode Island,2020,27.62222222222222
"Took Prescription Medication for Mental Health, Last 4 Weeks",Pennsylvania,2020,22.41111111111111
"Needed Counseling or Therapy But Did Not Get It, Last 4 Weeks",Maryland,2020,10.322222222222223
"Took Prescription Medication for Mental Health And/Or Received Counseling or Therapy, Last 4 Weeks",Pennsylvania,2020,25.322222222222223
"Needed Counseling or Therapy But Did Not Get It, Last 4 Weeks",Massachusetts,2020,10.11111111111111
"Took Prescription Medication for Mental Health, Last 4 Weeks",United States,2020,19.493121693121694
"Needed Counseling or Therapy But Did Not Get It, Last 4 Weeks",Michigan,2020,10.866666666666667
"Took Prescription Medication for Mental Health And/Or Received Counseling or Therapy, Last 4 Weeks",Oregon,2020,26.62222222222222
"Needed Counseling or Therapy But Did Not Get It, Last 4 Weeks",Minnesota,2020,9.666666666666666
"Took Prescription Medication for Mental Health And/Or Received Counseling or Therapy, Last 4 Weeks",Oklahoma,2020,26.38888888888889
"Needed Counseling or Therapy But Did Not Get It, Last 4 Weeks",Mississippi,2020,10.822222222222223
"Took Prescription Medication for Mental Health, Last 4 Weeks",Colorado,2020,20.344444444444445
"Took Prescription Medication for Mental Health, Last 4 Weeks",Texas,2020,18.644444444444446
"Took Prescription Medication for Mental Health And/Or Received Counseling or Therapy, Last 4 Weeks",Texas,2020,21.48888888888889
"Needed Counseling or Therapy But Did Not Get It, Last 4 Weeks",Missouri,2020,11.288888888888888
"Needed Counseling or Therapy But Did Not Get It, Last 4 Weeks",Illinois,2020,10.122222222222222
"Needed Counseling or Therapy But Did Not Get It, Last 4 Weeks",Idaho,2020,10.622222222222222
"Took Prescription Medication for Mental Health, Last 4 Weeks",Alabama,2020,24.322222222222223
"Took Prescription Medication for Mental Health, Last 4 Weeks",Wyoming,2020,20.51111111111111
"Needed Counseling or Therapy But Did Not Get It, Last 4 Weeks",Alaska,2020,11.0
"Took Prescription Medication for Mental Health And/Or Received Counseling or Therapy, Last 4 Weeks",Wisconsin,2020,24.244444444444444
"Needed Counseling or Therapy But Did Not Get It, Last 4 Weeks",Arizona,2020,11.322222222222223
"Needed Counseling or Therapy But Did Not Get It, Last 4 Weeks",Arkansas,2020,10.622222222222222
"Took Prescription Medication for Mental Health And/Or Received Counseling or Therapy, Last 4 Weeks",West Virginia,2020,29.144444444444446
"Took Prescription Medication for Mental Health, Last 4 Weeks",Wisconsin,2020,21.577777777777776
"Needed Counseling or Therapy But Did Not Get It, Last 4 Weeks",California,2020,12.277777777777779
"Took Prescription Medication for Mental Health And/Or Received Counseling or Therapy, Last 4 Weeks",Washington,2020,25.566666666666666
"Needed Counseling or Therapy But Did Not Get It, Last 4 Weeks",Colorado,2020,13.18888888888889
"Took Prescription Medication for Mental Health, Last 4 Weeks",Alaska,2020,17.01111111111111
"Needed Counseling or Therapy But Did Not Get It, Last 4 Weeks",Connecticut,2020,9.61111111111111
"Took Prescription Medication for Mental Health And/Or Received Counseling or Therapy, Last 4 Weeks",Virginia,2020,23.799999999999997
"Took Prescription Medication for Mental Health, Last 4 Weeks",West Virginia,2020,27.155555555555555
"Needed Counseling or Therapy But Did Not Get It, Last 4 Weeks",Delaware,2020,11.433333333333334
"Needed Counseling or Therapy But Did Not Get It, Last 4 Weeks",District of Columbia,2020,13.566666666666666
"Took Prescription Medication for Mental Health And/Or Received Counseling or Therapy, Last 4 Weeks",Vermont,2020,28.28888888888889
"Needed Counseling or Therapy But Did Not Get It, Last 4 Weeks",Florida,2020,9.944444444444445
"Took Prescription Medication for Mental Health And/Or Received Counseling or Therapy, Last 4 Weeks",Utah,2020,28.366666666666667
"Took Prescription Medication for Mental Health, Last 4 Weeks",Washington,2020,21.51111111111111
"Needed Counseling or Therapy But Did Not Get It, Last 4 Weeks",Georgia,2020,11.655555555555557
"Took Prescription Medication for Mental Health, Last 4 Weeks",Arizona,2020,19.27777777777778
"Needed Counseling or Therapy But Did Not Get It, Last 4 Weeks",Hawaii,2020,7.111111111111111
"Took Prescription Medication for Mental Health And/Or Received Counseling or Therapy, Last 4 Weeks",United States,2020,22.68835978835979
"Took Prescription Medication for Mental Health, Last 4 Weeks",Virginia,2020,20.744444444444444
"Took Prescription Medication for Mental Health And/Or Received Counseling or Therapy, Last 4 Weeks",Ohio,2020,25.08888888888889
"Received Counseling or Therapy, Last 4 Weeks",United States,2020,9.285026737967915
"Needed Counseling or Therapy But Did Not Get It, Last 4 Weeks",New Mexico,2020,11.433333333333334
"Took Prescription Medication for Mental Health, Last 4 Weeks",Rhode Island,2020,24.12222222222222
"Needed Counseling or Therapy But Did Not Get It, Last 4 Weeks",New York,2020,9.011111111111113
"Needed Counseling or Therapy But Did Not Get It, Last 4 Weeks",Oregon,2020,13.811111111111112
"Took Prescription Medication for Mental Health, Last 4 Weeks",Connecticut,2020,20.5
"Needed Counseling or Therapy But Did Not Get It, Last 4 Weeks",New Hampshire,2020,8.044444444444444
"Took Prescription Medication for Mental Health And/Or Received Counseling or Therapy, Last 4 Weeks",North Carolina,2020,24.366666666666667
"Took Prescription Medication for Mental Health And/Or Received Counseling or Therapy, Last 4 Weeks",New Hampshire,2020,27.144444444444446
"Took Prescription Medication for Mental Health And/Or Received Counseling or Therapy, Last 4 Weeks",Nevada,2020,19.9
"Took Prescription Medication for Mental Health And/Or Received Counseling or Therapy, Last 4 Weeks",New York,2020,21.700000000000003
"Needed Counseling or Therapy But Did Not Get It, Last 4 Weeks",Pennsylvania,2020,9.277777777777779
"Needed Counseling or Therapy But Did Not Get It, Last 4 Weeks",Ohio,2020,10.633333333333333
"Took Prescription Medication for Mental Health And/Or Received Counseling or Therapy, Last 4 Weeks",New Mexico,2020,24.5
"Needed Counseling or Therapy But Did Not Get It, Last 4 Weeks",New Jersey,2020,8.355555555555556
"Needed Counseling or Therapy But Did Not Get It, Last 4 Weeks",North Dakota,2020,7.155555555555556
"Needed Counseling or Therapy But Did Not Get It, Last 4 Weeks",Montana,2020,10.022222222222222
"Took Prescription Medication for Mental Health, Last 4 Weeks",South Dakota,2020,20.977777777777778
"Took Prescription Medication for Mental Health And/Or Received Counseling or Therapy, Last 4 Weeks",Nebraska,2020,24.477777777777778
"Took Prescription Medication for Mental Health, Last 4 Weeks",Tennessee,2020,22.311111111111114
"Needed Counseling or Therapy But Did Not Get It, Last 4 Weeks",North Carolina,2020,11.488888888888889
"Took Prescription Medication for Mental Health And/Or Received Counseling or Therapy, Last 4 Weeks",North Dakota,2020,21.9
"Needed Counseling or Therapy But Did Not Get It, Last 4 Weeks",Nebraska,2020,8.88888888888889
"Took Prescription Medication for Mental Health, Last 4 Weeks",District of Columbia,2020,18.311111111111114
"Needed Counseling or Therapy But Did Not Get It, Last 4 Weeks",Oklahoma,2020,11.877777777777776
"Took Prescription Medication for Mental Health, Last 4 Weeks",Delaware,2020,21.355555555555554
"Needed Counseling or Therapy But Did Not Get It, Last 4 Weeks",Rhode Island,2020,8.844444444444443
"Took Prescription Medication for Mental Health And/Or Received Counseling or Therapy, Last 4 Weeks",New Jersey,2020,21.62222222222222
"Took Prescription Medication for Mental Health, Last 4 Weeks",South Carolina,2020,22.577777777777776
"Needed Counseling or Therapy But Did Not Get It, Last 4 Weeks",Nevada,2020,11.600000000000001
"Took Prescription Medication for Mental Health And/Or Received Counseling or Therapy, Last 4 Weeks",Vermont,2021,30.345
"Took Prescription Medication for Mental Health, Last 4 Weeks",Alaska,2021,18.46
"Took Prescription Medication for Mental Health, Last 4 Weeks",Idaho,2021,24.1
"Received Counseling or Therapy, Last 4 Weeks",Wyoming,2021,8.631578947368421
"Took Prescription Medication for Mental Health And/Or Received Counseling or Therapy, Last 4 Weeks",Utah,2021,30.05
"Took Prescription Medication for Mental Health, Last 4 Weeks",Delaware,2021,21.380000000000003
"Took Prescription Medication for Mental Health And/Or Received Counseling or Therapy, Last 4 Weeks",New Hampshire,2021,27.355
"Took Prescription Medication for Mental Health And/Or Received Counseling or Therapy, Last 4 Weeks",Massachusetts,2021,28.639999999999997
"Took Prescription Medication for Mental Health And/Or Received Counseling or Therapy, Last 4 Weeks",Alabama,2021,26.994999999999997
"Took Prescription Medication for Mental Health And/Or Received Counseling or Therapy, Last 4 Weeks",Michigan,2021,26.46
"Took Prescription Medication for Mental Health, Last 4 Weeks",Wyoming,2021,20.85
"Took Prescription Medication for Mental Health And/Or Received Counseling or Therapy, Last 4 Weeks",Virginia,2021,24.755000000000003
"Took Prescription Medication for Mental Health, Last 4 Weeks",Florida,2021,19.68
"Received Counseling or Therapy, Last 4 Weeks",United States,2021,11.03069105691057
"Took Prescription Medication for Mental Health, Last 4 Weeks",District of Columbia,2021,20.115000000000002
"Took Prescription Medication for Mental Health And/Or Received Counseling or Therapy, Last 4 Weeks",Missouri,2021,27.85
"Took Prescription Medication for Mental Health And/Or Received Counseling or Therapy, Last 4 Weeks",Wisconsin,2021,25.76
"Received Counseling or Therapy, Last 4 Weeks",Utah,2021,11.065000000000001
"Took Prescription Medication for Mental Health, Last 4 Weeks",Alabama,2021,24.615000000000002
"Received Counseling or Therapy, Last 4 Weeks",Vermont,2021,13.965
"Took Prescription Medication for Mental Health, Last 4 Weeks",Louisiana,2021,25.855
"Received Counseling or Therapy, Last 4 Weeks",Wisconsin,2021,9.515
"Took Prescription Medication for Mental Health And/Or Received Counseling or Therapy, Last 4 Weeks",West Virginia,2021,30.35
"Took Prescription Medication for Mental Health And/Or Received Counseling or Therapy, Last 4 Weeks",Nebraska,2021,26.385
"Received Counseling or Therapy, Last 4 Weeks",Virginia,2021,10.175
"Took Prescription Medication for Mental Health And/Or Received Counseling or Therapy, Last 4 Weeks",Washington,2021,26.689999999999998
"Received Counseling or Therapy, Last 4 Weeks",Washington,2021,11.625
"Took Prescription Medication for Mental Health And/Or Received Counseling or Therapy, Last 4 Weeks",Minnesota,2021,27.72
"Took Prescription Medication for Mental Health And/Or Received Counseling or Therapy, Last 4 Weeks",Nevada,2021,20.634999999999998
"Received Counseling or Therapy, Last 4 Weeks",West Virginia,2021,8.415000000000001
"Took Prescription Medication for Mental Health, Last 4 Weeks",Kentucky,2021,27.630000000000003
"Took Prescription Medication for Mental Health And/Or Received Counseling or Therapy, Last 4 Weeks",Mississippi,2021,25.835
"Took Prescription Medication for Mental Health And/Or Received Counseling or Therapy, Last 4 Weeks",Alaska,2021,22.625
"Took Prescription Medication for Mental Health And/Or Received Counseling or Therapy, Last 4 Weeks",Maryland,2021,25.215
"Took Prescription Medication for Mental Health, Last 4 Weeks",Kansas,2021,24.125
"Took Prescription Medication for Mental Health And/Or Received Counseling or Therapy, Last 4 Weeks",District of Columbia,2021,28.425
"Took Prescription Medication for Mental Health And/Or Received Counseling or Therapy, Last 4 Weeks",Pennsylvania,2021,28.005000000000003
"Took Prescription Medication for Mental Health, Last 4 Weeks",Hawaii,2021,13.165000000000001
"Took Prescription Medication for Mental Health And/Or Received Counseling or Therapy, Last 4 Weeks",Florida,2021,22.34
"Took Prescription Medication for Mental Health And/Or Received Counseling or Therapy, Last 4 Weeks",Kansas,2021,26.9
"Took Prescription Medication for Mental Health, Last 4 Weeks",California,2021,16.8
"Took Prescription Medication for Mental Health And/Or Received Counseling or Therapy, Last 4 Weeks",Georgia,2021,24.21
"Took Prescription Medication for Mental Health And/Or Received Counseling or Therapy, Last 4 Weeks",North Carolina,2021,27.49
"Took Prescription Medication for Mental Health, Last 4 Weeks",Illinois,2021,21.22
"Took Prescription Medication for Mental Health And/Or Received Counseling or Therapy, Last 4 Weeks",Oregon,2021,29.139999999999997
"Took Prescription Medication for Mental Health And/Or Received Counseling or Therapy, Last 4 Weeks",Iowa,2021,28.27
"Took Prescription Medication for Mental Health And/Or Received Counseling or Therapy, Last 4 Weeks",Hawaii,2021,17.25
"Took Prescription Medication for Mental Health And/Or Received Counseling or Therapy, Last 4 Weeks",Oklahoma,2021,28.585
"Took Prescription Medication for Mental Health And/Or Received Counseling or Therapy, Last 4 Weeks",Idaho,2021,27.25
"Took Prescription Medication for Mental Health And/Or Received Counseling or Therapy, Last 4 Weeks",North Dakota,2021,25.925
"Took Prescription Medication for Mental Health, Last 4 Weeks",Colorado,2021,21.95
"Took Prescription Medication for Mental Health And/Or Received Counseling or Therapy, Last 4 Weeks",Indiana,2021,28.339999999999996
"Took Prescription Medication for Mental Health And/Or Received Counseling or Therapy, Last 4 Weeks",Illinois,2021,25.085
"Took Prescription Medication for Mental Health And/Or Received Counseling or Therapy, Last 4 Weeks",Ohio,2021,26.845
"Took Prescription Medication for Mental Health And/Or Received Counseling or Therapy, Last 4 Weeks",New York,2021,23.53
"Took Prescription Medication for Mental Health And/Or Received Counseling or Therapy, Last 4 Weeks",United States,2021,25.73407258064516
"Took Prescription Medication for Mental Health And/Or Received Counseling or Therapy, Last 4 Weeks",Kentucky,2021,29.985000000000003
"Took Prescription Medication for Mental Health And/Or Received Counseling or Therapy, Last 4 Weeks",Rhode Island,2021,30.22
"Took Prescription Medication for Mental Health, Last 4 Weeks",Arizona,2021,20.355
"Took Prescription Medication for Mental Health And/Or Received Counseling or Therapy, Last 4 Weeks",Arizona,2021,23.419999999999998
"Took Prescription Medication for Mental Health And/Or Received Counseling or Therapy, Last 4 Weeks",Texas,2021,21.855
"Took Prescription Medication for Mental Health And/Or Received Counseling or Therapy, Last 4 Weeks",New Jersey,2021,21.765
"Took Prescription Medication for Mental Health And/Or Received Counseling or Therapy, Last 4 Weeks",Arkansas,2021,28.994999999999997
"Took Prescription Medication for Mental Health And/Or Received Counseling or Therapy, Last 4 Weeks",Tennessee,2021,27.244999999999997
"Took Prescription Medication for Mental Health, Last 4 Weeks",Georgia,2021,21.09
"Took Prescription Medication for Mental Health And/Or Received Counseling or Therapy, Last 4 Weeks",Maine,2021,29.814999999999998
"Took Prescription Medication for Mental Health And/Or Received Counseling or Therapy, Last 4 Weeks",California,2021,21.115000000000002
"Took Prescription Medication for Mental Health, Last 4 Weeks",Iowa,2021,25.485
"Took Prescription Medication for Mental Health And/Or Received Counseling or Therapy, Last 4 Weeks",New Mexico,2021,24.625
"Took Prescription Medication for Mental Health And/Or Received Counseling or Therapy, Last 4 Weeks",South Dakota,2021,24.035
"Took Prescription Medication for Mental Health And/Or Received Counseling or Therapy, Last 4 Weeks",Colorado,2021,27.139999999999997
"Took Prescription Medication for Mental Health, Last 4 Weeks",Connecticut,2021,21.405
"Took Prescription Medication for Mental Health And/Or Received Counseling or Therapy, Last 4 Weeks",Louisiana,2021,28.355
"Took Prescription Medication for Mental Health, Last 4 Weeks",Arkansas,2021,26.95
"Took Prescription Medication for Mental Health And/Or Received Counseling or Therapy, Last 4 Weeks",Connecticut,2021,25.76
"Took Prescription Medication for Mental Health And/Or Received Counseling or Therapy, Last 4 Weeks",South Carolina,2021,26.335
"Took Prescription Medication for Mental Health And/Or Received Counseling or Therapy, Last 4 Weeks",Delaware,2021,24.43
"Took Prescription Medication for Mental Health, Last 4 Weeks",Indiana,2021,25.78
"Took Prescription Medication for Mental Health And/Or Received Counseling or Therapy, Last 4 Weeks",Montana,2021,26.01
"Took Prescription Medication for Mental Health, Last 4 Weeks",Missouri,2021,25.39
"Received Counseling or Therapy, Last 4 Weeks",Texas,2021,8.059999999999999
"Needed Counseling or Therapy But Did Not Get It, Last 4 Weeks",Rhode Island,2021,9.665000000000001
"Took Prescription Medication for Mental Health, Last 4 Weeks",Pennsylvania,2021,24.455000000000002
"Needed Counseling or Therapy But Did Not Get It, Last 4 Weeks",Pennsylvania,2021,9.559999999999999
"Needed Counseling or Therapy But Did Not Get It, Last 4 Weeks",Oregon,2021,14.495
"Needed Counseling or Therapy But Did Not Get It, Last 4 Weeks",Oklahoma,2021,12.584999999999999
"Took Prescription Medication for Mental Health, Last 4 Weeks",Rhode Island,2021,25.72
"Needed Counseling or Therapy But Did Not Get It, Last 4 Weeks",Ohio,2021,10.53
"Needed Counseling or Therapy But Did Not Get It, Last 4 Weeks",North Dakota,2021,8.889473684210527
"Needed Counseling or Therapy But Did Not Get It, Last 4 Weeks",North Carolina,2021,10.8
"Took Prescription Medication for Mental Health, Last 4 Weeks",South Carolina,2021,23.805
"Needed Counseling or Therapy But Did Not Get It, Last 4 Weeks",New York,2021,9.74
"Needed Counseling or Therapy But Did Not Get It, Last 4 Weeks",New Mexico,2021,11.35
"Needed Counseling or Therapy But Did Not Get It, Last 4 Weeks",New Jersey,2021,8.92
"Took Prescription Medication for Mental Health, Last 4 Weeks",South Dakota,2021,22.105
"Needed Counseling or Therapy But Did Not Get It, Last 4 Weeks",New Hampshire,2021,10.01
"Needed Counseling or Therapy But Did Not Get It, Last 4 Weeks",South Carolina,2021,10.48
"Needed Counseling or Therapy But Did Not Get It, Last 4 Weeks",Nevada,2021,11.435
"Needed Counseling or Therapy But Did Not Get It, Last 4 Weeks",South Dakota,2021,8.345
"Needed Counseling or Therapy But Did Not Get It, Last 4 Weeks",Tennessee,2021,11.0
"Received Counseling or Therapy, Last 4 Weeks",Alaska,2021,10.77
"Received Counseling or Therapy, Last 4 Weeks",Alabama,2021,8.945
"Needed Counseling or Therapy But Did Not Get It, Last 4 Weeks",Wyoming,2021,10.255555555555555
"Took Prescription Medication for Mental Health, Last 4 Weeks",North Dakota,2021,23.69
"Needed Counseling or Therapy But Did Not Get It, Last 4 Weeks",Wisconsin,2021,9.28
"Needed Counseling or Therapy But Did Not Get It, Last 4 Weeks",West Virginia,2021,10.975
"Needed Counseling or Therapy But Did Not Get It, Last 4 Weeks",Washington,2021,13.145
"Took Prescription Medication for Mental Health, Last 4 Weeks",Ohio,2021,24.009999999999998
"Needed Counseling or Therapy But Did Not Get It, Last 4 Weeks",Virginia,2021,10.235
"Took Prescription Medication for Mental Health, Last 4 Weeks",Maine,2021,25.52
"Needed Counseling or Therapy But Did Not Get It, Last 4 Weeks",Vermont,2021,10.058823529411764
"Needed Counseling or Therapy But Did Not Get It, Last 4 Weeks",Utah,2021,13.434999999999999
"Took Prescription Medication for Mental Health, Last 4 Weeks",Oklahoma,2021,25.945
"Needed Counseling or Therapy But Did Not Get It, Last 4 Weeks",United States,2021,12.313211382113822
"Needed Counseling or Therapy But Did Not Get It, Last 4 Weeks",Texas,2021,12.105
"Took Prescription Medication for Mental Health, Last 4 Weeks",Oregon,2021,23.869999999999997
"Took Prescription Medication for Mental Health, Last 4 Weeks",North Carolina,2021,24.22
"Needed Counseling or Therapy But Did Not Get It, Last 4 Weeks",Nebraska,2021,9.99
"Needed Counseling or Therapy But Did Not Get It, Last 4 Weeks",Montana,2021,10.175
"Needed Counseling or Therapy But Did Not Get It, Last 4 Weeks",Hawaii,2021,7.4526315789473685
"Needed Counseling or Therapy But Did Not Get It, Last 4 Weeks",Georgia,2021,12.325
"Needed Counseling or Therapy But Did Not Get It, Last 4 Weeks",Florida,2021,10.209999999999999
"Took Prescription Medication for Mental Health, Last 4 Weeks",Washington,2021,22.29
"Needed Counseling or Therapy But Did Not Get It, Last 4 Weeks",District of Columbia,2021,13.405000000000001
"Needed Counseling or Therapy But Did Not Get It, Last 4 Weeks",Delaware,2021,8.865
"Needed Counseling or Therapy But Did Not Get It, Last 4 Weeks",Connecticut,2021,9.035
"Took Prescription Medication for Mental Health, Last 4 Weeks",West Virginia,2021,28.54
"Needed Counseling or Therapy But Did Not Get It, Last 4 Weeks",Colorado,2021,13.15
"Needed Counseling or Therapy But Did Not Get It, Last 4 Weeks",California,2021,11.25
"Needed Counseling or Therapy But Did Not Get It, Last 4 Weeks",Arkansas,2021,11.145
"Took Prescription Medication for Mental Health, Last 4 Weeks",Wisconsin,2021,22.77
"Needed Counseling or Therapy But Did Not Get It, Last 4 Weeks",Arizona,2021,11.504999999999999
"Needed Counseling or Therapy But Did Not Get It, Last 4 Weeks",Alaska,2021,11.334999999999999
"Needed Counseling or Therapy But Did Not Get It, Last 4 Weeks",Alabama,2021,11.7
"Took Prescription Medication for Mental Health, Last 4 Weeks",Virginia,2021,21.56
"Took Prescription Medication for Mental Health, Last 4 Weeks",Tennessee,2021,24.675
"Needed Counseling or Therapy But Did Not Get It, Last 4 Weeks",Idaho,2021,11.559999999999999
"Needed Counseling or Therapy But Did Not Get It, Last 4 Weeks",Indiana,2021,10.735
"Needed Counseling or Therapy But Did Not Get It, Last 4 Weeks",Missouri,2021,12.445
"Needed Counseling or Therapy But Did Not Get It, Last 4 Weeks",Mississippi,2021,10.515
"Took Prescription Medication for Mental Health, Last 4 Weeks",Texas,2021,18.9
"Needed Counseling or Therapy But Did Not Get It, Last 4 Weeks",Minnesota,2021,9.925
"Needed Counseling or Therapy But Did Not Get It, Last 4 Weeks",Michigan,2021,10.875
"Needed Counseling or Therapy But Did Not Get It, Last 4 Weeks",Massachusetts,2021,10.045
"Took Prescription Medication for Mental Health, Last 4 Weeks",United States,2021,22.063508064516128
"Needed Counseling or Therapy But Did Not Get It, Last 4 Weeks",Maryland,2021,10.41
"Needed Counseling or Therapy But Did Not Get It, Last 4 Weeks",Maine,2021,10.02
"Needed Counseling or Therapy But Did Not Get It, Last 4 Weeks",Louisiana,2021,11.165000000000001
"Took Prescription Medication for Mental Health, Last 4 Weeks",Utah,2021,25.810000000000002
"Needed Counseling or Therapy But Did Not Get It, Last 4 Weeks",Kentucky,2021,11.2
"Needed Counseling or Therapy But Did Not Get It, Last 4 Weeks",Kansas,2021,11.135
"Needed Counseling or Therapy But Did Not Get It, Last 4 Weeks",Iowa,2021,9.559999999999999
"Took Prescription Medication for Mental Health, Last 4 Weeks",Vermont,2021,24.490000000000002
"Needed Counseling or Therapy But Did Not Get It, Last 4 Weeks",Illinois,2021,10.32
"Received Counseling or Therapy, Last 4 Weeks",Arizona,2021,9.345
"Took Prescription Medication for Mental Health And/Or Received Counseling or Therapy, Last 4 Weeks",Wyoming,2021,23.505000000000003
"Received Counseling or Therapy, Last 4 Weeks",Minnesota,2021,10.925
"Received Counseling or Therapy, Last 4 Weeks",New Hampshire,2021,10.995000000000001
"Took Prescription Medication for Mental Health, Last 4 Weeks",Nevada,2021,17.57
"Received Counseling or Therapy, Last 4 Weeks",Kentucky,2021,9.485
"Received Counseling or Therapy, Last 4 Weeks",Louisiana,2021,9.325
"Received Counseling or Therapy, Last 4 Weeks",Oklahoma,2021,9.345
"Received Counseling or Therapy, Last 4 Weeks",Maine,2021,12.22
"Received Counseling or Therapy, Last 4 Weeks",Ohio,2021,9.72
"Took Prescription Medication for Mental Health, Last 4 Weeks",Nebraska,2021,23.625
"Received Counseling or Therapy, Last 4 Weeks",Maryland,2021,12.455
"Received Counseling or Therapy, Last 4 Weeks",Massachusetts,2021,14.9
"Took Prescription Medication for Mental Health, Last 4 Weeks",Michigan,2021,22.895000000000003
"Received Counseling or Therapy, Last 4 Weeks",North Dakota,2021,7.989473684210527
"Received Counseling or Therapy, Last 4 Weeks",Michigan,2021,10.879999999999999
"Took Prescription Medication for Mental Health, Last 4 Weeks",Montana,2021,22.165
"Received Counseling or Therapy, Last 4 Weeks",Arkansas,2021,8.565000000000001
"Received Counseling or Therapy, Last 4 Weeks",Mississippi,2021,7.459999999999999
"Received Counseling or Therapy, Last 4 Weeks",North Carolina,2021,10.41
"Received Counseling or Therapy, Last 4 Weeks",Missouri,2021,9.455
"Received Counseling or Therapy, Last 4 Weeks",Montana,2021,10.175
"Received Counseling or Therapy, Last 4 Weeks",New York,2021,12.290000000000001
"Took Prescription Medication for Mental Health, Last 4 Weeks",Minnesota,2021,24.105
"Received Counseling or Therapy, Last 4 Weeks",Nebraska,2021,9.73
"Received Counseling or Therapy, Last 4 Weeks",New Mexico,2021,10.57
"Received Counseling or Therapy, Last 4 Weeks",Nevada,2021,8.51
"Took Prescription Medication for Mental Health, Last 4 Weeks",Mississippi,2021,23.955000000000002
"Received Counseling or Therapy, Last 4 Weeks",Oregon,2021,13.040000000000001
"Received Counseling or Therapy, Last 4 Weeks",Iowa,2021,9.86
"Received Counseling or Therapy, Last 4 Weeks",Kansas,2021,9.24
"Took Prescription Medication for Mental Health, Last 4 Weeks",Massachusetts,2021,23.46
"Received Counseling or Therapy, Last 4 Weeks",California,2021,10.72
"Received Counseling or Therapy, Last 4 Weeks",Tennessee,2021,8.665000000000001
"Took Prescription Medication for Mental Health, Last 4 Weeks",New York,2021,18.7
"Received Counseling or Therapy, Last 4 Weeks",Colorado,2021,12.540000000000001
"Received Counseling or Therapy, Last 4 Weeks",Connecticut,2021,12.73
"Received Counseling or Therapy, Last 4 Weeks",South Dakota,2021,7.325
"Took Prescription Medication for Mental Health, Last 4 Weeks",Maryland,2021,20.775
"Received Counseling or Therapy, Last 4 Weeks",Delaware,2021,9.99
"Took Prescription Medication for Mental Health, Last 4 Weeks",New Mexico,2021,20.759999999999998
"Received Counseling or Therapy, Last 4 Weeks",District of Columbia,2021,18.515
"Received Counseling or Therapy, Last 4 Weeks",Indiana,2021,9.285
"Received Counseling or Therapy, Last 4 Weeks",South Carolina,2021,8.485
"Received Counseling or Therapy, Last 4 Weeks",Georgia,2021,9.035
"Received Counseling or Therapy, Last 4 Weeks",Florida,2021,8.309999999999999
"Received Counseling or Therapy, Last 4 Weeks",New Jersey,2021,10.18
"Received Counseling or Therapy, Last 4 Weeks",Hawaii,2021,9.084999999999999
"Took Prescription Medication for Mental Health, Last 4 Weeks",New Hampshire,2021,24.244999999999997
"Received Counseling or Therapy, Last 4 Weeks",Idaho,2021,9.684999999999999
"Received Counseling or Therapy, Last 4 Weeks",Pennsylvania,2021,11.120000000000001
"Took Prescription Medication for Mental Health, Last 4 Weeks",New Jersey,2021,17.895
"Received Counseling or Therapy, Last 4 Weeks",Rhode Island,2021,15.084999999999999
"Received Counseling or Therapy, Last 4 Weeks",Illinois,2021,10.84
"Took Prescription Medication for Mental Health, Last 4 Weeks",Minnesota,2022,26.925
"Took Prescription Medication for Mental Health, Last 4 Weeks",Utah,2022,28.2
"Took Prescription Medication for Mental Health, Last 4 Weeks",Washington,2022,23.125
"Took Prescription Medication for Mental Health, Last 4 Weeks",Maine,2022,28.95
"Took Prescription Medication for Mental Health, Last 4 Weeks",Wisconsin,2022,25.425
"Took Prescription Medication for Mental Health, Last 4 Weeks",Alaska,2022,18.725
"Took Prescription Medication for Mental Health, Last 4 Weeks",West Virginia,2022,34.2
"Took Prescription Medication for Mental Health, Last 4 Weeks",Vermont,2022,23.925
"Took Prescription Medication for Mental Health, Last 4 Weeks",Arizona,2022,20.175
"Took Prescription Medication for Mental Health, Last 4 Weeks",Kentucky,2022,30.075
"Took Prescription Medication for Mental Health, Last 4 Weeks",Michigan,2022,24.674999999999997
"Took Prescription Medication for Mental Health, Last 4 Weeks",Virginia,2022,23.925
"Took Prescription Medication for Mental Health, Last 4 Weeks",Louisiana,2022,25.275
"Took Prescription Medication for Mental Health, Last 4 Weeks",Alabama,2022,27.3
"Took Prescription Medication for Mental Health, Last 4 Weeks",Maryland,2022,21.825
"Took Prescription Medication for Mental Health, Last 4 Weeks",Massachusetts,2022,25.025
"Took Prescription Medication for Mental Health, Last 4 Weeks",New York,2022,19.7
"Took Prescription Medication for Mental Health, Last 4 Weeks",Kansas,2022,26.55
"Took Prescription Medication for Mental Health, Last 4 Weeks",North Carolina,2022,23.5
"Took Prescription Medication for Mental Health, Last 4 Weeks",Hawaii,2022,13.175
"Took Prescription Medication for Mental Health, Last 4 Weeks",Georgia,2022,20.225
"Took Prescription Medication for Mental Health, Last 4 Weeks",North Dakota,2022,25.625
"Took Prescription Medication for Mental Health, Last 4 Weeks",New Mexico,2022,20.875
"Took Prescription Medication for Mental Health, Last 4 Weeks",Ohio,2022,25.525
"Took Prescription Medication for Mental Health, Last 4 Weeks",Idaho,2022,23.7
"Took Prescription Medication for Mental Health, Last 4 Weeks",New Jersey,2022,19.424999999999997
"Took Prescription Medication for Mental Health, Last 4 Weeks",Oklahoma,2022,28.0
"Took Prescription Medication for Mental Health, Last 4 Weeks",District of Columbia,2022,21.05
"Took Prescription Medication for Mental Health, Last 4 Weeks",New Hampshire,2022,26.025
"Took Prescription Medication for Mental Health, Last 4 Weeks",Oregon,2022,25.125
"Took Prescription Medication for Mental Health, Last 4 Weeks",Illinois,2022,22.15
"Took Prescription Medication for Mental Health, Last 4 Weeks",Pennsylvania,2022,25.825
"Took Prescription Medication for Mental Health, Last 4 Weeks",Delaware,2022,22.65
"Took Prescription Medication for Mental Health, Last 4 Weeks",Nevada,2022,17.9
"Took Prescription Medication for Mental Health, Last 4 Weeks",Rhode Island,2022,25.275
"Took Prescription Medication for Mental Health, Last 4 Weeks",United States,2022,24.439655172413794
"Took Prescription Medication for Mental Health, Last 4 Weeks",Mississippi,2022,23.3
"Took Prescription Medication for Mental Health, Last 4 Weeks",Texas,2022,20.95
"Took Prescription Medication for Mental Health, Last 4 Weeks",California,2022,17.924999999999997
"Took Prescription Medication for Mental Health, Last 4 Weeks",Missouri,2022,25.175
"Took Prescription Medication for Mental Health, Last 4 Weeks",Tennessee,2022,25.075
"Took Prescription Medication for Mental Health, Last 4 Weeks",Arkansas,2022,28.175
"Took Prescription Medication for Mental Health, Last 4 Weeks",Iowa,2022,26.725
"Took Prescription Medication for Mental Health, Last 4 Weeks",South Dakota,2022,24.5
"Took Prescription Medication for Mental Health, Last 4 Weeks",Montana,2022,21.325
"Took Prescription Medication for Mental Health, Last 4 Weeks",South Carolina,2022,24.775
"Took Prescription Medication for Mental Health, Last 4 Weeks",Connecticut,2022,23.875
"Took Prescription Medication for Mental Health, Last 4 Weeks",Indiana,2022,27.525
"Took Prescription Medication for Mental Health, Last 4 Weeks",Nebraska,2022,27.275
"Took Prescription Medication for Mental Health, Last 4 Weeks",Colorado,2022,21.55
"Took Prescription Medication for Mental Health, Last 4 Weeks",Florida,2022,21.15
"Received Counseling or Therapy, Last 4 Weeks",Wyoming,2022,8.775
"Took Prescription Medication for Mental Health And/Or Received Counseling or Therapy, Last 4 Weeks",Wisconsin,2022,28.5
"Received Counseling or Therapy, Last 4 Weeks",Alaska,2022,10.85
"Received Counseling or Therapy, Last 4 Weeks",Alabama,2022,10.375
"Needed Counseling or Therapy But Did Not Get It, Last 4 Weeks",Wyoming,2022,11.75
"Needed Counseling or Therapy But Did Not Get It, Last 4 Weeks",Wisconsin,2022,10.775
"Needed Counseling or Therapy But Did Not Get It, Last 4 Weeks",West Virginia,2022,9.775
"Needed Counseling or Therapy But Did Not Get It, Last 4 Weeks",Washington,2022,13.850000000000001
"Needed Counseling or Therapy But Did Not Get It, Last 4 Weeks",Virginia,2022,9.975
"Needed Counseling or Therapy But Did Not Get It, Last 4 Weeks",Vermont,2022,10.475
"Needed Counseling or Therapy But Did Not Get It, Last 4 Weeks",Utah,2022,15.35
"Needed Counseling or Therapy But Did Not Get It, Last 4 Weeks",United States,2022,13.789565217391305
"Needed Counseling or Therapy But Did Not Get It, Last 4 Weeks",Texas,2022,13.175
"Needed Counseling or Therapy But Did Not Get It, Last 4 Weeks",Tennessee,2022,12.024999999999999
"Needed Counseling or Therapy But Did Not Get It, Last 4 Weeks",South Dakota,2022,10.05
"Needed Counseling or Therapy But Did Not Get It, Last 4 Weeks",South Carolina,2022,10.85
"Needed Counseling or Therapy But Did Not Get It, Last 4 Weeks",Rhode Island,2022,10.15
"Received Counseling or Therapy, Last 4 Weeks",Arizona,2022,10.1
"Received Counseling or Therapy, Last 4 Weeks",Arkansas,2022,8.225
"Received Counseling or Therapy, Last 4 Weeks",California,2022,11.8
"Received Counseling or Therapy, Last 4 Weeks",Colorado,2022,12.525
"Received Counseling or Therapy, Last 4 Weeks",Massachusetts,2022,16.575
"Received Counseling or Therapy, Last 4 Weeks",Maryland,2022,12.6
"Received Counseling or Therapy, Last 4 Weeks",Maine,2022,12.525
"Received Counseling or Therapy, Last 4 Weeks",Louisiana,2022,10.0
"Received Counseling or Therapy, Last 4 Weeks",Kentucky,2022,10.5
"Received Counseling or Therapy, Last 4 Weeks",Kansas,2022,10.75
"Received Counseling or Therapy, Last 4 Weeks",Iowa,2022,9.65
"Needed Counseling or Therapy But Did Not Get It, Last 4 Weeks",Pennsylvania,2022,9.6
"Received Counseling or Therapy, Last 4 Weeks",Indiana,2022,10.325
"Received Counseling or Therapy, Last 4 Weeks",Idaho,2022,10.375
"Received Counseling or Therapy, Last 4 Weeks",Hawaii,2022,10.1
"Received Counseling or Therapy, Last 4 Weeks",Georgia,2022,9.65
"Received Counseling or Therapy, Last 4 Weeks",Florida,2022,8.274999999999999
"Received Counseling or Therapy, Last 4 Weeks",District of Columbia,2022,19.025
"Received Counseling or Therapy, Last 4 Weeks",Delaware,2022,12.75
"Received Counseling or Therapy, Last 4 Weeks",Connecticut,2022,13.925
"Received Counseling or Therapy, Last 4 Weeks",Illinois,2022,11.225000000000001
"Received Counseling or Therapy, Last 4 Weeks",Michigan,2022,10.8
"Needed Counseling or Therapy But Did Not Get It, Last 4 Weeks",Oregon,2022,15.575
"Needed Counseling or Therapy But Did Not Get It, Last 4 Weeks",Ohio,2022,10.275
"Needed Counseling or Therapy But Did Not Get It, Last 4 Weeks",Indiana,2022,10.825
"Needed Counseling or Therapy But Did Not Get It, Last 4 Weeks",Illinois,2022,11.975
"Needed Counseling or Therapy But Did Not Get It, Last 4 Weeks",Idaho,2022,11.7
"Needed Counseling or Therapy But Did Not Get It, Last 4 Weeks",Hawaii,2022,8.75
"Needed Counseling or Therapy But Did Not Get It, Last 4 Weeks",Georgia,2022,12.9
"Needed Counseling or Therapy But Did Not Get It, Last 4 Weeks",Florida,2022,10.65
"Needed Counseling or Therapy But Did Not Get It, Last 4 Weeks",District of Columbia,2022,15.25
"Needed Counseling or Therapy But Did Not Get It, Last 4 Weeks",Delaware,2022,8.1
"Needed Counseling or Therapy But Did Not Get It, Last 4 Weeks",Connecticut,2022,9.45
"Needed Counseling or Therapy But Did Not Get It, Last 4 Weeks",Colorado,2022,12.05
"Needed Counseling or Therapy But Did Not Get It, Last 4 Weeks",California,2022,12.25
"Needed Counseling or Therapy But Did Not Get It, Last 4 Weeks",Arkansas,2022,13.75
"Needed Counseling or Therapy But Did Not Get It, Last 4 Weeks",Arizona,2022,11.825
"Needed Counseling or Therapy But Did Not Get It, Last 4 Weeks",Alaska,2022,13.2
"Needed Counseling or Therapy But Did Not Get It, Last 4 Weeks",Alabama,2022,11.45
"Needed Counseling or Therapy But Did Not Get It, Last 4 Weeks",Iowa,2022,9.3
"Needed Counseling or Therapy But Did Not Get It, Last 4 Weeks",Kansas,2022,11.925
"Needed Counseling or Therapy But Did Not Get It, Last 4 Weeks",Kentucky,2022,11.85
"Needed Counseling or Therapy But Did Not Get It, Last 4 Weeks",Louisiana,2022,10.95
"Needed Counseling or Therapy But Did Not Get It, Last 4 Weeks",North Dakota,2022,8.85
"Needed Counseling or Therapy But Did Not Get It, Last 4 Weeks",North Carolina,2022,10.075
"Needed Counseling or Therapy But Did Not Get It, Last 4 Weeks",New York,2022,9.6
"Needed Counseling or Therapy But Did Not Get It, Last 4 Weeks",New Mexico,2022,12.35
"Needed Counseling or Therapy But Did Not Get It, Last 4 Weeks",New Jersey,2022,9.2
"Needed Counseling or Therapy But Did Not Get It, Last 4 Weeks",New Hampshire,2022,9.475
"Needed Counseling or Therapy But Did Not Get It, Last 4 Weeks",Nevada,2022,11.35
"Needed Counseling or Therapy But Did Not Get It, Last 4 Weeks",Oklahoma,2022,13.55
"Needed Counseling or Therapy But Did Not Get It, Last 4 Weeks",Nebraska,2022,11.05
"Needed Counseling or Therapy But Did Not Get It, Last 4 Weeks",Missouri,2022,11.475
"Needed Counseling or Therapy But Did Not Get It, Last 4 Weeks",Mississippi,2022,11.525
"Needed Counseling or Therapy But Did Not Get It, Last 4 Weeks",Minnesota,2022,10.475
"Needed Counseling or Therapy But Did Not Get It, Last 4 Weeks",Michigan,2022,10.575
"Needed Counseling or Therapy But Did Not Get It, Last 4 Weeks",Massachusetts,2022,11.4
"Needed Counseling or Therapy But Did Not Get It, Last 4 Weeks",Maryland,2022,11.1
"Needed Counseling or Therapy But Did Not Get It, Last 4 Weeks",Maine,2022,11.425
"Needed Counseling or Therapy But Did Not Get It, Last 4 Weeks",Montana,2022,11.6
"Received Counseling or Therapy, Last 4 Weeks",Minnesota,2022,12.275
"Received Counseling or Therapy, Last 4 Weeks",Mississippi,2022,7.574999999999999
"Received Counseling or Therapy, Last 4 Weeks",Missouri,2022,8.875
"Took Prescription Medication for Mental Health And/Or Received Counseling or Therapy, Last 4 Weeks",New Hampshire,2022,29.05
"Took Prescription Medication for Mental Health And/Or Received Counseling or Therapy, Last 4 Weeks",Nevada,2022,20.875
"Took Prescription Medication for Mental Health And/Or Received Counseling or Therapy, Last 4 Weeks",Nebraska,2022,30.225
"Took Prescription Medication for Mental Health And/Or Received Counseling or Therapy, Last 4 Weeks",Montana,2022,26.525
"Took Prescription Medication for Mental Health And/Or Received Counseling or Therapy, Last 4 Weeks",Missouri,2022,28.275
"Took Prescription Medication for Mental Health And/Or Received Counseling or Therapy, Last 4 Weeks",Mississippi,2022,24.9
"Took Prescription Medication for Mental Health And/Or Received Counseling or Therapy, Last 4 Weeks",Minnesota,2022,30.65
"Took Prescription Medication for Mental Health And/Or Received Counseling or Therapy, Last 4 Weeks",Michigan,2022,28.3
"Took Prescription Medication for Mental Health And/Or Received Counseling or Therapy, Last 4 Weeks",Massachusetts,2022,30.1
"Took Prescription Medication for Mental Health And/Or Received Counseling or Therapy, Last 4 Weeks",Maryland,2022,26.125
"Took Prescription Medication for Mental Health And/Or Received Counseling or Therapy, Last 4 Weeks",Maine,2022,32.425
"Took Prescription Medication for Mental Health And/Or Received Counseling or Therapy, Last 4 Weeks",Louisiana,2022,28.525
"Took Prescription Medication for Mental Health And/Or Received Counseling or Therapy, Last 4 Weeks",Kentucky,2022,32.2
"Took Prescription Medication for Mental Health And/Or Received Counseling or Therapy, Last 4 Weeks",Kansas,2022,29.975
"Took Prescription Medication for Mental Health And/Or Received Counseling or Therapy, Last 4 Weeks",Iowa,2022,29.375
"Took Prescription Medication for Mental Health And/Or Received Counseling or Therapy, Last 4 Weeks",New Jersey,2022,23.9
"Took Prescription Medication for Mental Health And/Or Received Counseling or Therapy, Last 4 Weeks",New Mexico,2022,25.5
"Took Prescription Medication for Mental Health And/Or Received Counseling or Therapy, Last 4 Weeks",New York,2022,25.475
"Took Prescription Medication for Mental Health And/Or Received Counseling or Therapy, Last 4 Weeks",North Carolina,2022,26.9
"Took Prescription Medication for Mental Health And/Or Received Counseling or Therapy, Last 4 Weeks",West Virginia,2022,36.3
"Took Prescription Medication for Mental Health And/Or Received Counseling or Therapy, Last 4 Weeks",Washington,2022,27.700000000000003
"Took Prescription Medication for Mental Health And/Or Received Counseling or Therapy, Last 4 Weeks",Virginia,2022,27.1
"Took Prescription Medication for Mental Health And/Or Received Counseling or Therapy, Last 4 Weeks",Vermont,2022,29.5
"Took Prescription Medication for Mental Health And/Or Received Counseling or Therapy, Last 4 Weeks",Utah,2022,31.975
"Took Prescription Medication for Mental Health And/Or Received Counseling or Therapy, Last 4 Weeks",United States,2022,28.481034482758623
"Took Prescription Medication for Mental Health And/Or Received Counseling or Therapy, Last 4 Weeks",Texas,2022,23.925
"Took Prescription Medication for Mental Health And/Or Received Counseling or Therapy, Last 4 Weeks",Indiana,2022,30.225
"Took Prescription Medication for Mental Health And/Or Received Counseling or Therapy, Last 4 Weeks",Tennessee,2022,27.450000000000003
"Took Prescription Medication for Mental Health And/Or Received Counseling or Therapy, Last 4 Weeks",South Carolina,2022,27.075
"Took Prescription Medication for Mental Health And/Or Received Counseling or Therapy, Last 4 Weeks",Rhode Island,2022,29.625
"Took Prescription Medication for Mental Health And/Or Received Counseling or Therapy, Last 4 Weeks",Pennsylvania,2022,29.525
"Took Prescription Medication for Mental Health And/Or Received Counseling or Therapy, Last 4 Weeks",Oregon,2022,30.5
"Took Prescription Medication for Mental Health And/Or Received Counseling or Therapy, Last 4 Weeks",Oklahoma,2022,31.125
"Took Prescription Medication for Mental Health And/Or Received Counseling or Therapy, Last 4 Weeks",Ohio,2022,28.7
"Took Prescription Medication for Mental Health And/Or Received Counseling or Therapy, Last 4 Weeks",North Dakota,2022,28.4
"Took Prescription Medication for Mental Health And/Or Received Counseling or Therapy, Last 4 Weeks",South Dakota,2022,26.6
"Took Prescription Medication for Mental Health And/Or Received Counseling or Therapy, Last 4 Weeks",Illinois,2022,25.95
"Took Prescription Medication for Mental Health And/Or Received Counseling or Therapy, Last 4 Weeks",Idaho,2022,26.75
"Took Prescription Medication for Mental Health And/Or Received Counseling or Therapy, Last 4 Weeks",Hawaii,2022,18.200000000000003
"Received Counseling or Therapy, Last 4 Weeks",South Dakota,2022,8.425
"Received Counseling or Therapy, Last 4 Weeks",South Carolina,2022,8.6
"Received Counseling or Therapy, Last 4 Weeks",Rhode Island,2022,14.025
"Received Counseling or Therapy, Last 4 Weeks",Pennsylvania,2022,11.675
"Received Counseling or Therapy, Last 4 Weeks",Oregon,2022,14.425
"Received Counseling or Therapy, Last 4 Weeks",Oklahoma,2022,10.925
"Received Counseling or Therapy, Last 4 Weeks",Ohio,2022,10.225
"Received Counseling or Therapy, Last 4 Weeks",Tennessee,2022,9.4
"Received Counseling or Therapy, Last 4 Weeks",North Dakota,2022,10.0
"Received Counseling or Therapy, Last 4 Weeks",New York,2022,14.05
"Received Counseling or Therapy, Last 4 Weeks",New Mexico,2022,12.55
"Received Counseling or Therapy, Last 4 Weeks",New Jersey,2022,11.975
"Received Counseling or Therapy, Last 4 Weeks",New Hampshire,2022,10.925
"Received Counseling or Therapy, Last 4 Weeks",Nevada,2022,9.225
"Received Counseling or Therapy, Last 4 Weeks",Nebraska,2022,12.125
"Received Counseling or Therapy, Last 4 Weeks",Montana,2022,12.15
"Received Counseling or Therapy, Last 4 Weeks",North Carolina,2022,10.425
"Took Prescription Medication for Mental Health And/Or Received Counseling or Therapy, Last 4 Weeks",Wyoming,2022,23.45
"Received Counseling or Therapy, Last 4 Weeks",Texas,2022,9.65
"Received Counseling or Therapy, Last 4 Weeks",Utah,2022,12.25
"Took Prescription Medication for Mental Health And/Or Received Counseling or Therapy, Last 4 Weeks",Georgia,2022,23.625
"Took Prescription Medication for Mental Health And/Or Received Counseling or Therapy, Last 4 Weeks",Florida,2022,23.85
"Took Prescription Medication for Mental Health And/Or Received Counseling or Therapy, Last 4 Weeks",District of Columbia,2022,28.05
"Took Prescription Medication for Mental Health And/Or Received Counseling or Therapy, Last 4 Weeks",Delaware,2022,25.75
"Took Prescription Medication for Mental Health And/Or Received Counseling or Therapy, Last 4 Weeks",Connecticut,2022,28.45
"Took Prescription Medication for Mental Health And/Or Received Counseling or Therapy, Last 4 Weeks",Colorado,2022,26.825
"Took Prescription Medication for Mental Health And/Or Received Counseling or Therapy, Last 4 Weeks",California,2022,22.674999999999997
"Received Counseling or Therapy, Last 4 Weeks",United States,2022,12.987068965517242
"Took Prescription Medication for Mental Health And/Or Received Counseling or Therapy, Last 4 Weeks",Arkansas,2022,30.5
"Took Prescription Medication for Mental Health And/Or Received Counseling or Therapy, Last 4 Weeks",Alaska,2022,23.375
"Took Prescription Medication for Mental Health And/Or Received Counseling or Therapy, Last 4 Weeks",Alabama,2022,29.65
"Received Counseling or Therapy, Last 4 Weeks",Wisconsin,2022,9.975
"Received Counseling or Therapy, Last 4 Weeks",West Virginia,2022,10.275
"Received Counseling or Therapy, Last 4 Weeks",Washington,2022,12.725
"Received Counseling or Therapy, Last 4 Weeks",Virginia,2022,10.85
"Received Counseling or Therapy, Last 4 Weeks",Vermont,2022,13.9
"Took Prescription Medication for Mental Health And/Or Received Counseling or Therapy, Last 4 Weeks",Arizona,2022,22.975
"Took Prescription Medication for Mental Health, Last 4 Weeks",Wyoming,2022,20.1
